{
	"fruits": [{
		"name": "Lemon",
		"Image": "http://www.fruitlinkco.com/home/wp-content/uploads/2011/09/WhatsApp-Image-2017-11-23-at-1.35.29-PM-e1513506404357.jpeg",
		"benefit": "Bossts Immunity",
		"color": "Yellow",
		"price": "5",
		"unit": ".pc",
		"type": "acidic"
	}, {
		"name": "Orange",
		"Image": "https://media.gettyimages.com/photos/orange-picture-id185284489?s=2048x2048",
		"benefit": "Bossts Immunity",
		"color": "Orange",
		"price": "5",
		"unit": ".pc",
		"type": "acidic"
	}, {
		"name": "Kiwi",
		"Image": "https://media.gettyimages.com/photos/kiwi-picture-id482728017?s=2048x2048",
		"benefit": "Bossts Immunity",
		"color": "Yellow",
		"price": "5",
		"unit": ".pc",
		"type": "acidic"
	}, {
		"name": "Banana",
		"Image": "https://media.gettyimages.com/photos/kiwi-picture-id482728017?s=2048x2048",
		"benefit": "Bossts Immunity",
		"color": "Yellow",
		"price": "5",
		"unit": ".pc",
		"type": "Energy"
	}],
	"suppliers": [{
		"name": "Sathish Suppliers",
		"city": "Mumbai",
		"since": "1920",
		"owner": "India Mart",
		"Currency": "Inr",
	    "Status": "Registered"
	}, {
		"name": "Sathish1 Suppliers",
		"city": "Navi Mumbai",
		"since": "1946",
		"owner": "India Mart",
		"Currency": "Inr",
	    "Status": "Out of Market"
	}, {
		"name": "Sathish2 Suppliers",
		"city": "Thane",
		"since": "1980",
		"owner": "India Mart",
		"Currency": "Inr",
	    "Status": "Not Registered"
	}],
	"city": [{
			"cityName": "Ratnagiri",
			"famous": "mangoes",
			"state": "Maharastra",
			"country": "India",
			"population": 76229
		},
		{
			"cityName": "Nashik",
			"famous": "Orange",
			"state": "Maharastra",
			"country": "India",
			"population": 50000
		}, {
			"cityName": "Nagpur",
			"famous": "Lemons",
			"state": "Maharastra",
			"country": "India",
			"population": 62000
		}
	]
}